O002JR95,MW00EGS1016689
O003JR198,MW25983
O00AG016,MW21807
O00AG0244,MW30515
O00CHZ0102080,MW22112
O00CHZ0102865,MW21507
O00CHZ010751,MW21503
O00EGS1010006,MW11208
O00EGS1010095,MW20905
O00EGS1010097,MW10234
O00EGS1010151,MW21512
O00EGS1010153,MW22182
O00EGS1010205,MW23169
O00EGS1010212,MW23346
O00EGS1010413,MW26630
O00EGS1010498,MW23706
O00EGS1010507,MW23444
O00EGS1010546,MW23908
O00EGS1010817,MW00JR585
O00EGS10124,MW21505
O00EGS101255,MW21730
O00EGS1013488,MW28803
O00EGS1013724,MW19277
O00EGS1013802,MW00JR1718
O00EGS1013819,MW29382
O00EGS1013837,MW23504
O00EGS1013982,MW20028
O00EGS1014091,MW29015
O00EGS1014132,MW29284
O00EGS1014142,MW24575
O00EGS1014157,MW24630
O00EGS1014668,MW27022
O00EGS1014793,MW4615
O00EGS1015846,MW23760
O00EGS1016109,MW8684
O00EGS1016244,MW00EGS1016244
O00EGS1016246,MW00EGS1016246
O00EGS1016248,MW00EGS1016248
O00EGS1016253,MW00EGS1016253
O00EGS1016703,MW00EGS1016703
O00EGS1016747,MW00EGS1016747
O00EGS1016759,MW00EGS1016759
O00EGS1016839,MW00EGS1016676
O00EGS1016947,MW00EGS1016947
O00EGS1017144,MW00EGS1017144
O00EGS1017219,MW00EGS1017219
O00EGS1017363,MW00EGS1017362
O00EGS1017469,MW00EGS1017421
O00EGS1017512,MW00EGS1017511
O00EGS1017555,MW00EGS1017555
O00EGS1017635,MW00EGS1017426
O00EGS1017721,MW30387
O00EGS1017866,MW24989
O00EGS1017978,MW15925
O00EGS1018127,MW00EGS1018126
O00EGS101979,MW1934
O00EGS102033,MW22949
O00EGS102147,MW2623
O00EGS102223,MW20515
O00EGS10257,MW22272
O00EGS102601,MW23369
O00EGS102651,MW23348
O00EGS102712,MW27299
O00EGS102768,MW7335
O00EGS103006,MW23892
O00EGS103132,MW2046
O00EGS10470,MW24765
O00EGS10510,MW19975
O00EGS10542,MW23692
O00EGS105549,MW30541
O00EGS105883,MW1174
O00EGS1058,MW1986
O00EGS1061,MW87
O00EGS106515,MW23923
O00EGS106675,MW23200
O00EGS106819,MW23879
O00EGS10744,MW23693
O00EGS108004,MW23927
O00EGS108089,MW23471
O00EGS10852,MW20499
O00EGS108633,MW23565
O00EGS109494,MW29228
O00EGS109585,MW20548
O00EGS109594,MW22334
O00EGS109598,MW27481
O00EGS1095,MW16515
O00EGS109638,MW23928
O00EGS109988,MW23795
O00JR1,MW22192
O00JR2583,MW23757
O00JR3019,MW23176
O00JR303,MW00EGS1016686
O00JR3172,MW29688
O00JR3377,MW22946
O00JR445,MW00EGS1016622
O00JR501,MW00EGS1016745
O00JR545,MW00EGS1016713
O00JR586,MW00EGS1016181
O00JR59,MW22123
O00JR758,MW22124
O00JR968,MW30199
O00KG01049,MW00KG01048
O00KG01066,MW00KG0615
O00KG01105,MW24054
O00KG01503,MW00KG01503
O00KG0162,MW00KG013
O00KG01667,MW00KG01660
O00KG0184,MW24589
O00KG020,MW00KG06
O00KG0212,MW00KG016
O00KG02359,MW00KG02358
O00KG02391,MW00KG02390
O00KG02531,MW00KG02531
O00KG03612,MW00KG03612
O00KG03940,MW00KG03940
O00KG03996,MW00KG03996
O00KG04068,MW00KG04068
O00KG04097,MW00KG04094
O00KG0550,MW00KG0549
O00KG0561,MW00KG0552
O00KG0572,MW00KG0571
O00KG0586,MW00KG0554
O00KG0625,MW00KG0624
O00KG0640,MW1PD289
O00KG07268,MW00KG02530
O00KG09683,MW00KG09683
O00KG0992,MW00KG0638
O00KG09977,MW00KG09977
O00KG09980,MW00KG09980
O00PD1010704,MW26673
O00PD103800,MW24053
O00PD104967,MW7477
O00PD107753,MW28833
O00RNP205,MW22081
O01ACI124,MW12165
O01ACI1,MW29194
O01AG02758,MW21813
O01AG03140,MW21814
O01AG03173,MW23723
O01CHZ01,MW22204
O01CHZ02,MW2519
O01CT0001,MW22642
O01CT0002,MW22920
O01CT0004,MW10305
O01CT0005,MW21727
O01CT0011,MW23899
O01CT0013,MW20877
O01CT0015,MW21208
O01CT0017,MW21808
O01CT0019,MW20876
O01CT0021,MW23468
O01CT0022,MW23447
O01CT0023,MW10736
O01CT0024,MW23556
O01CT0026,MW22271
O01CT0027,MW20749
O01CT0028,MW22277
O01CT0029,MW22276
O01CT0041,MW6799
O01CT0042,MW12827
O01CT1305,MW18978
O01DG005,MW11577
O01DG01,MW20503
O01DG02,MW8870
O01DG03,MW2122
O01DG04,MW1022
O01DG102264,MW13528
O01DG102682,MW14592
O01DG104909,MW23922
O01DG10852,MW23198
O01JR1,MW23423
O01JW002,MW25273
O01MS615,MW19762
O01PD1,MW24769
O01PD2,MW21019
O01PD3,MW28942
O01PD4,MW3834
O01SVV1,MW29701
O0KG2,MW21872
O0TT0000,MW0TT0000
O0UU4,MW11249
O10206,MW10206
O11184,MW11184
O12422,MW12422
O127,MW127
O13994,MW13994
O14133,MW14133
O18123,MW18123
O18167,MW18167
O19223,MW19223
O19341,MW19341
O19617,MW19617
O19822,MW19822
O1AB9,MW1KG26279
O1AT1,MW20865
O1AT2,MW13779
O1AT308,MW23695
O1AT634,MW13780
O1CN33704,MW23911
O1CN33785,MW30152
O1CN36739,MW1CZ1242
O1CN37587,MW28867
O1CN38031,MW23872
O1CN38034,MW1KG1656
O1CN45367,MW20115
O1CN45411,MW929
O1CN45630,MW2CZ7729
O1CN45780,MW1KG5341
O1CN45790,MW1KG397
O1CN45883,MW1KG3724
O1CN46047,MW23918
O1CN46228,MW23919
O1CT1001,MW21519
O1CT1002,MW21518
O1CT1003,MW21521
O1CZ1092,MW1CZ1092
O1CZ1099,MW1CZ1099
O1CZ1132,MW1CZ1132
O1CZ1413,MW1CZ1413
O1CZ1479,MW1CZ1479
O1CZ1878,MW1CZ1878
O1CZ2348,MW00CHZ0103340
O1CZ2398,MW1CZ2398
O1CZ2407,MW1CZ2407
O1CZ2481,MW1CZ2481
O1CZ2744,MW1CZ2744
O1CZ2873,MW2DB4577
O1CZ688,MW1CZ688
O1CZ692,MW1CZ690
O1CZ895,MW1CZ895
O1CZ996,MW1CZ996
O1GC1078,MW1PD86474
O1GC1356,MW19836
O1GC1,MW19988
O1GC289,MW23439
O1GC3451,MW1KG9245
O1GC3514,MW1KG9259
O1GC3567,MW1KG3830
O1GC3624,MW1KG9260
O1GC3642,MW1KG9258
O1GC4211,MW1KG9276
O1GC4833,MW1KG9281
O1GC505,MW00KG09748
O1GC515,MW00EGS1016705
O1GC525,MW1KG4528
O1GC559,MW22024
O1GC6717,MW1KG9262
O1GC783,MW19884
O1GC900,MW23420
O1GC905,MW20423
O1GS102031,MW2DB4625
O1GS102437,MW27490
O1GS102844,MW2DB13639
O1GS103215,MW2DB13641
O1GS103315,MW2DB13643
O1GS103597,MW1GS103597
O1GS103977,MW29093
O1GS104194,MW27497
O1GS104299,MW23188
O1GS104325,MW2DB13635
O1GS104499,MW2DB13642
O1GS104553,MW2DB13637
O1GS104699,MW2DB13640
O1GS104970,MW28845
O1GS105234,MW2DB13636
O1GS105620,MW00EGS1017396
O1GS105741,MW7956
O1GS105796,MW20434
O1GS105818,MW20448
O1GS105921,MW27940
O1GS10600,MW30134
O1GS106036,MW00EGS1016774
O1GS106148,MW23430
O1GS106266,MW2DB25434
O1GS106391,MW2DB25433
O1GS106466,MW2DB25435
O1GS106520,MW2DB25437
O1GS106532,MW2DB25438
O1GS106748,MW2DB25439
O1GS106880,MW2DB25442
O1GS106968,MW2DB25440
O1GS107024,MW2872
O1GS107081,MW3572
O1GS107344,MW23477
O1GS107415,MW6205
O1GS107987,MW2DB25441
O1GS108185,MW2DB25449
O1GS108378,MW2DB25451
O1GS108425,MW2DB25452
O1GS108512,MW22116
O1GS108619,MW22119
O1GS1145,MW1PD6
O1GS118327,MW01CT0060
O1GS129614,MW22713
O1GS129633,MW27491
O1GS129654,MW29344
O1GS129736,MW23710
O1GS129787,MW23454
O1GS129912,MW23725
O1GS129994,MW23449
O1GS130057,MW23636
O1GS130098,MW9558
O1GS133277,MW23753
O1GS133559,MW24035
O1GS133599,MW27284
O1GS133664,MW27296
O1GS133702,MW25272
O1GS133710,MW23453
O1GS134150,MW27295
O1GS134196,MW18557
O1GS134369,MW30335
O1GS134374,MW23946
O1GS134384,MW20338
O1GS134407,MW23837
O1GS134942,MW27923
O1GS135001,MW20319
O1GS135003,MW19508
O1GS135200,MW23433
O1GS135204,MW29569
O1GS135248,MW23563
O1GS135249,MW23952
O1GS135334,MW23745
O1GS135528,MW23747
O1GS135533,MW1GS135531
O1GS135874,MW1GS135873
O1GS136371,MW1CZ2857
O1GS136668,MW1GS136667
O1GS137900,MW1GS60403
O1GS138025,MW1KG987
O1GS138421,MW1KG1320
O1GS138502,MW1KG1252
O1GS138506,MW2CZ5990
O1GS138991,MW2CZ6597
O1GS139111,MW1CZ2856
O1GS139161,MW22354
O1GS139761,MW20304
O1GS139876,MW1GS139873
O1GS139908,MW17319
O1GS140089,MW30450
O1GS140244,MW00EGS1015752
O1GS140271,MW20171
O1GS140452,MW20233
O1GS140554,MW20212
O1GS140742,MW20169
O1GS140755,MW20234
O1GS140903,MW20146
O1GS141062,MW21578
O1GS141696,MW1KG1934
O1GS146889,MW23761
O1GS147810,MW1KG1609
O1GS147950,MW1KG1249
O1GS147961,MW1KG1607
O1GS147992,MW30116
O1GS148033,MW14110
O1GS148716,MW1GS66367
O1GS149128,MW29669
O1GS149290,MW00KG09213
O1GS149307,MW30178
O1GS149596,MW29905
O1GS149618,MW1CZ1146
O1GS149651,MW10426
O1GS149721,MW23875
O1GS149725,MW23800
O1GS149733,MW23884
O1GS149738,MW29342
O1GS149748,MW1CZ1987
O1GS149766,MW23796
O1GS149796,MW24010
O1GS149808,MW17168
O1GS149810,MW19357
O1GS149822,MW00EGS1016251
O1GS149824,MW237
O1GS149826,MW00EGS1016267
O1GS151471,MW23629
O1GS151484,MW24063
O1GS151521,MW30150
O1GS151526,MW27411
O1GS151618,MW00EGS1016294
O1GS151641,MW29252
O1GS151647,MW26001
O1GS151665,MW27283
O1GS151796,MW00EGS1016259
O1GS151801,MW7797
O1GS151834,MW30176
O1GS151902,MW23190
O1GS151909,MW23651
O1GS152081,MW1GS56154
O1GS152096,MW30067
O1GS1567,MW14130
O1GS1591,MW1GS2
O1GS160,MW1GS11
O1GS1659,MW29482
O1GS1823,MW00EGS1017462
O1GS1887,MW1PD4
O1GS2163,MW29983
O1GS2205,MW1GS8
O1GS2476,MW29485
O1GS2578,MW1PD3
O1GS2739,MW30438
O1GS3340,MW17713
O1GS39087,MW30137
O1GS39248,MW23681
O1GS40148,MW27883
O1GS41093,MW19231
O1GS41145,MW19222
O1GS41261,MW10954
O1GS41262,MW10754
O1GS44032,MW1GS44028
O1GS44057,MW1GS44055
O1GS44092,MW1GS44056
O1GS44105,MW23790
O1GS44119,MW23654
O1GS44190,MW23789
O1GS44213,MW23440
O1GS44262,MW00KG01509
O1GS44283,MW00KG01510
O1GS44358,MW00KG01512
O1GS44420,MW00EGS1016238
O1GS44446,MW00KG01511
O1GS44458,MW00KG01518
O1GS44485,MW00KG01514
O1GS44559,MW00KG03680
O1GS44584,MW00KG01063
O1GS44788,MW19997
O1GS46202,MW00KG01062
O1GS46259,MW1GS44554
O1GS46317,MW26078
O1GS46350,MW00KG01515
O1GS46464,MW27477
O1GS46471,MW00EGS1016278
O1GS46708,MW00KG01519
O1GS46761,MW00KG01522
O1GS46805,MW00KG01521
O1GS46832,MW30073
O1GS47027,MW00KG01513
O1GS47043,MW00EGS1016717
O1GS4718,MW29105
O1GS47210,MW00KG01516
O1GS47235,MW24679
O1GS47298,MW24822
O1GS47327,MW24890
O1GS47363,MW20197
O1GS47468,MW30420
O1GS47485,MW25007
O1GS47688,MW30443
O1GS47725,MW30460
O1GS47731,MW30538
O1GS47745,MW30537
O1GS47826,MW30536
O1GS47873,MW23664
O1GS48188,MW30540
O1GS48192,MW23847
O1GS48675,MW00KG01502
O1GS48848,MW00KG02353
O1GS48850,MW00KG01517
O1GS48851,MW29201
O1GS48852,MW1PD5314
O1GS49110,MW27301
O1GS49181,MW00KG01520
O1GS49298,MW00KG01664
O1GS49317,MW00KG01663
O1GS49339,MW00KG01662
O1GS49355,MW00KG01661
O1GS49373,MW30534
O1GS49398,MW00KG01665
O1GS49413,MW00KG01666
O1GS49422,MW00KG02329
O1GS49446,MW00KG02330
O1GS49466,MW00KG02331
O1GS49478,MW22021
O1GS49489,MW23858
O1GS49536,MW1GS49535
O1GS49555,MW1GS49554
O1GS49578,MW1GS49575
O1GS49715,MW20140
O1GS49750,MW17722
O1GS49916,MW1GS49915
O1GS49959,MW20132
O1GS49974,MW1GS49973
O1GS50021,MW1GS50020
O1GS500,MW29627
O1GS50334,MW00EGS1016284
O1GS50366,MW00EGS1016286
O1GS50377,MW30124
O1GS50413,MW27414
O1GS50430,MW9366
O1GS50587,MW00EGS1017241
O1GS50609,MW22078
O1GS51631,MW1GS44054
O1GS51765,MW1GS49280
O1GS52138,MW29295
O1GS52269,MW23867
O1GS5293,MW15588
O1GS52969,MW27866
O1GS52999,MW23671
O1GS53097,MW20250
O1GS53206,MW28738
O1GS53322,MW20214
O1GS53497,MW1GS53494
O1GS53510,MW1229
O1GS53692,MW2DB5088
O1GS53997,MW1GS53994
O1GS54041,MW29636
O1GS54157,MW30359
O1GS54182,MW25095
O1GS54370,MW29577
O1GS54501,MW30138
O1GS54508,MW13868
O1GS55182,MW1GS55180
O1GS55639,MW29293
O1GS55777,MW15590
O1GS56123,MW23181
O1GS56178,MW23830
O1GS56983,MW00EGS1017628
O1GS57579,MW17836
O1GS57604,MW00EGS1016719
O1GS57627,MW1GS57624
O1GS57649,MW15232
O1GS57660,MW22172
O1GS57716,MW20004
O1GS57745,MW27932
O1GS57952,MW00KG02741
O1GS58139,MW22361
O1GS58286,MW1GS58283
O1GS58303,MW21624
O1GS58333,MW22019
O1GS58357,MW21613
O1GS58442,MW1GS58442
O1GS58467,MW22300
O1GS58485,MW1GS9
O1GS58823,MW20846
O1GS60407,MW10247
O1GS60704,MW20836
O1GS60860,MW30436
O1GS60880,MW29982
O1GS61417,MW1PD9
O1GS61561,MW23738
O1GS6156,MW29106
O1GS62052,MW00PD1011354
O1GS6340,MW1GS4
O1GS66030,MW1GS66030
O1GS66258,MW20441
O1GS66286,MW1GS66286
O1GS66332,MW1GS66332
O1GS73982,MW7516
O1GS74,MW29484
O1GS753,MW00EGS1017863
O1GS75461,MW23661
O1GS75548,MW19830
O1GS75816,MW27303
O1GS76066,MW00PD1011352
O1GS7976,MW1PD2
O1GS82037,MW23739
O1GS87647,MW23819
O1GS87786,MW22247
O1GS88143,MW29036
O1GS88397,MW6113
O1GS88405,MW21141
O1GS88477,MW00EGS1016725
O1GS88568,MW9209
O1GS88754,MW00EGS1016963
O1GS88782,MW30151
O1GS88819,MW1GS88816
O1GS89012,MW30123
O1GS89439,MW10982
O1GS89621,MW27302
O1GS8980,MW1GS10
O1GS89965,MW17276
O1GS90186,MW2DB16418
O1GS90239,MW27020
O1GS90368,MW30347
O1GS90606,MW30280
O1GS91741,MW29563
O1GS91793,MW1GS66375
O1GS91832,MW1GS91831
O1GS93452,MW29478
O1GS94192,MW1GS56008
O1GS94370,MW30435
O1GS94775,MW1GS94773
O1GS94776,MW1PD5
O1GS95003,MW00PD1011353
O1GS95184,MW29481
O1GS95678,MW00EGS1016047
O1GS95917,MW1GS5
O1GS95965,MW2DB4630
O1GS95971,MW2DB4621
O1GS96073,MW2DB4628
O1GS96240,MW2DB4626
O1GS96269,MW2DB4622
O1GS96789,MW2DB4629
O1GS96875,MW00EGS1017093
O1GS97712,MW1GS91829
O1GS97909,MW8224
O1GS984,MW00EGS1017463
O1GS98741,MW2DB4624
O1GS98792,MW2DB4623
O1GS98883,MW2DB4627
O1JM1,MW1JM1
O1JM3,MW27401
O1JT1,MW23785
O1JT2225,MW28882
O1JT2237,MW23724
O1JT2458,MW2DB4574
O1JT2493,MW29493
O1JT2494,MW1CZ2730
O1JT2627,MW19229
O1JT472,MW25101
O1JT555,MW30125
O1JT569,MW30292
O1JT599,MW16912
O1JT766,MW13536
O1KG10019,MW1KG10019
O1KG10061,MW1KG10061
O1KG10112,MW1KG10112
O1KG1011,MW1KG1011
O1KG10137,MW1KG10137
O1KG10184,MW1KG10184
O1KG10237,MW1KG10237
O1KG10241,MW1KG10241
O1KG10282,MW1KG10282
O1KG10294,MW1KG10294
O1KG10375,MW1KG10375
O1KG10493,MW1KG10493
O1KG10580,MW1KG10580
O1KG10597,MW1KG10597
O1KG1059,MW1KG1059
O1KG10663,MW1KG10663
O1KG10687,MW1KG10687
O1KG10720,MW1KG10720
O1KG10746,MW1KG10746
O1KG10772,MW1KG10772
O1KG10781,MW1KG10781
O1KG10854,MW1KG10854
O1KG10871,MW1KG10871
O1KG11665,MW1KG11665
O1KG11666,MW1KG11666
O1KG11703,MW1KG11703
O1KG11797,MW1KG11797
O1KG11820,MW1KG11820
O1KG11858,MW1KG11858
O1KG11901,MW1KG11901
O1KG11906,MW1KG11906
O1KG11920,MW1KG11920
O1KG11923,MW1KG11923
O1KG11939,MW1KG11939
O1KG11946,MW1KG11946
O1KG11947,MW1KG11947
O1KG11948,MW1KG11948
O1KG11959,MW1KG11959
O1KG12048,MW1KG12048
O1KG12061,MW1KG12061
O1KG12075,MW1KG12075
O1KG12113,MW1KG12113
O1KG12310,MW1KG12310
O1KG12515,MW1KG12515
O1KG12536,MW1KG12536
O1KG1254,MW1KG1254
O1KG12589,MW1KG12589
O1KG12625,MW1KG12625
O1KG12655,MW1KG12655
O1KG12671,MW1KG12671
O1KG12980,MW1KG12980
O1KG12986,MW1KG12986
O1KG13001,MW1KG13001
O1KG13126,MW1KG13126
O1KG13607,MW1KG13607
O1KG13617,MW1KG13617
O1KG13693,MW1KG13693
O1KG13760,MW1KG13760
O1KG13828,MW1KG13828
O1KG13981,MW1KG13981
O1KG14303,MW1KG14303
O1KG14500,MW1KG14500
O1KG14507,MW1KG14507
O1KG14557,MW1KG14557
O1KG14700,MW1KG14700
O1KG14783,MW1KG14783
O1KG14784,MW1KG14784
O1KG14961,MW1KG14961
O1KG14964,MW1KG14964
O1KG15057,MW1KG15057
O1KG15058,MW1KG15058
O1KG15059,MW1KG15059
O1KG15060,MW1KG15060
O1KG15061,MW1KG15061
O1KG15384,MW1KG15384
O1KG15471,MW1KG15471
O1KG15817,MW1KG15817
O1KG15827,MW1KG15827
O1KG15849,MW1KG15849
O1KG1617,MW1KG1617
O1KG1624,MW1KG1624
O1KG1629,MW1KG1629
O1KG1663,MW1KG1620
O1KG16649,MW1KG16649
O1KG17191,MW1KG17191
O1KG17192,MW1KG17192
O1KG17449,MW1KG17449
O1KG17579,MW1KG17579
O1KG18134,MW1KG18134
O1KG18135,MW1KG18135
O1KG18137,MW1KG18137
O1KG1893,MW447
O1KG1958,MW1KG1958
O1KG2118,MW1KG2118
O1KG2260,MW1KG2144
O1KG2733,MW1KG2733
O1KG2757,MW1KG2757
O1KG2767,MW1KG2767
O1KG2876,MW8455
O1KG2938,MW8610
O1KG3094,MW12094
O1KG3374,MW1KG3374
O1KG3654,MW1KG3654
O1KG3655,MW1KG3655
O1KG3900,MW1KG492
O1KG3939,MW1KG3939
O1KG3983,MW1KG3983
O1KG3998,MW1KG3998
O1KG4084,MW1KG3381
O1KG4185,MW1KG4185
O1KG4191,MW1KG4191
O1KG4202,MW1KG4202
O1KG4205,MW1KG4205
O1KG4210,MW1KG4210
O1KG4211,MW1KG4211
O1KG4219,MW1KG4219
O1KG4244,MW1KG4244
O1KG4277,MW1KG4277
O1KG4280,MW1KG4280
O1KG4282,MW1KG4282
O1KG4284,MW1KG4284
O1KG4285,MW1KG4285
O1KG4312,MW1KG4312
O1KG4325,MW1KG4325
O1KG4326,MW1KG4326
O1KG4334,MW1KG4334
O1KG4335,MW1KG4335
O1KG4336,MW1KG4336
O1KG4338,MW1KG4338
O1KG4461,MW1KG4461
O1KG4616,MW1KG4616
O1KG4948,MW1KG4948
O1KG4949,MW1KG4949
O1KG4,MW25159
O1KG5005,MW1KG5005
O1KG5097,MW1KG5097
O1KG5098,MW1KG5098
O1KG5099,MW1KG5099
O1KG5187,MW1KG5187
O1KG5327,MW1KG5327
O1KG5395,MW1KG5395
O1KG5489,MW18
O1KG5560,MW1KG5560
O1KG5611,MW1KG5611
O1KG5698,MW1KG5698
O1KG5705,MW1KG5705
O1KG5762,MW1KG5762
O1KG5793,MW1KG5793
O1KG5808,MW1KG5808
O1KG5814,MW1KG5814
O1KG588,MW1KG588
O1KG589,MW1KG589
O1KG5988,MW1KG5988
O1KG6068,MW1KG6068
O1KG6188,MW1KG6188
O1KG6199,MW1KG6199
O1KG6257,MW1KG6257
O1KG6259,MW1KG6259
O1KG668,MW1KG659
O1KG681,MW00KG010085
O1KG71410,MW1KG26281
O1KG747,MW1GS61404
O1KG76269,MW4PD294
O1KG8320,MW1KG8320
O1KG8321,MW1KG8321
O1KG85563,MW1KG13989
O1KG8585,MW1KG8585
O1KG8899,MW1KG8899
O1KG9039,MW1KG9039
O1KG9580,MW1KG9580
O1KG9588,MW1KG9588
O1KG9593,MW1KG9593
O1KG9609,MW1KG9609
O1KG9724,MW1KG9724
O1KG9748,MW1KG9748
O1KG9848,MW1KG9848
O1KG9858,MW1KG9858
O1KG9862,MW1KG9862
O1KG988,MW1KG988
O1LS1686,MW1CZ884
O1LS1688,MW00KG01
O1LS1690,MW1CZ855
O1LS1691,MW30453
O1LS1692,MW1CZ856
O1LS1839,MW21854
O1LS188,MW23784
O1LS1994,MW21576
O1LS1,MW23175
O1LS212,MW14376
O1LS2154,MW1KG870
O1LS2316,MW8222
O1LS2409,MW21672
O1LS2537,MW00KG03807
O1LS2560,MW21977
O1LS2566,MW30466
O1LS2585,MW21609
O1LS2610,MW29013
O1LS2627,MW30432
O1LS2628,MW21701
O1LS2629,MW20384
O1LS2775,MW00KG08364
O1LS2779,MW00KG03888
O1LS2809,MW00KG09671
O1LS2822,MW18588
O1LS2844,MW22006
O1LS2861,MW20204
O1LS2881,MW22098
O1LS2899,MW20443
O1LS2988,MW19871
O1LS3162,MW00KG02759
O1LS3233,MW29522
O1LS3272,MW10130
O1LS3406,MW9888
O1LS3407,MW20454
O1LS3434,MW20209
O1LS3445,MW933
O1LS3553,MW28960
O1LS3582,MW22432
O1LS3731,MW27021
O1LS4140,MW24826
O1LS4227,MW1GS61415
O1LS4590,MW26674
O1LS46,MW11818
O1LS4714,MW18609
O1LS4830,MW30085
O1LS4988,MW20844
O1LS4991,MW20855
O1LS5000,MW21366
O1LS5081,MW25995
O1LS5306,MW19831
O1LS5307,MW1KG3566
O1LS5344,MW00KG03795
O1LS5361,MW21498
O1LS5380,MW00KG03658
O1LS5402,MW00KG05
O1LS5410,MW00EGS1016969
O1LS5427,MW28883
O1LS5432,MW21747
O1LS5453,MW2DB5974
O1LS5586,MW22358
O1LS5593,MW27313
O1LS5668,MW29307
O1LS865,MW30153
O1LS869,MW23746
O1LS873,MW29550
O1LS875,MW29037
O1LS878,MW5424
O1LS881,MW28809
O1LS885,MW29674
O1LS887,MW23749
O1NLM22,MW1NLM22
O1PD100555,MW23958
O1PD100832,MW00EGS1017157
O1PD100944,MW1PD100944
O1PD101156,MW19829
O1PD101323,MW30267
O1PD101801,MW2CZ7896
O1PD102204,MW23783
O1PD102388,MW00KG09730
O1PD10256,MW2DB5087
O1PD102808,MW15649
O1PD102900,MW22709
O1PD102985,MW15651
O1PD103069,MW2CZ6238
O1PD103290,MW27479
O1PD103711,MW20873
O1PD103851,MW29341
O1PD104383,MW30261
O1PD104832,MW1PD104832
O1PD104833,MW27222
O1PD104950,MW00KG07619
O1PD104990,MW1KG3514
O1PD105220,MW26008
O1PD105496,MW1KG506
O1PD105629,MW1KG4286
O1PD105709,MW28978
O1PD105715,MW28955
O1PD106320,MW1PD76592
O1PD106813,MW1KG3815
O1PD106951,MW00KG04012
O1PD106973,MW30161
O1PD107129,MW1PD107129
O1PD107142,MW1PD107142
O1PD107490,MW2DB4613
O1PD108842,MW00KG03592
O1PD110577,MW22133
O1PD114153,MW20097
O1PD120201,MW00KG03789
O1PD120221,MW1KG1400
O1PD120230,MW1KG3170
O1PD125528,MW22183
O1PD125536,MW9086
O1PD125934,MW23900
O1PD126030,MW1KG406
O1PD126599,MW1PD87837
O1PD126714,MW2DB4600
O1PD126745,MW18047
O1PD127349,MW29984
O1PD127393,MW1PD127393
O1PD14,MW1PD8
O1PD152674,MW4CZ2710
O1PD152719,MW1KG10279
O1PD153529,MW18115
O1PD153536,MW1PD153536
O1PD153537,MW1PD153537
O1PD155720,MW00EGS1016273
O1PD166109,MW1PD166109
O1PD177533,MW486
O1PD180762,MW23160
O1PD180878,MW1PD180878
O1PD181149,MW1PD181149
O1PD181150,MW1PD181150
O1PD181151,MW1PD181151
O1PD181152,MW1PD181152
O1PD181153,MW1PD181153
O1PD181154,MW1PD181154
O1PD181155,MW1PD181155
O1PD181156,MW1PD181156
O1PD181157,MW1PD181157
O1PD181158,MW1PD181158
O1PD181159,MW1PD181159
O1PD181160,MW1PD181160
O1PD181165,MW1PD181165
O1PD181166,MW1PD181166
O1PD181211,MW1PD179846
O1PD188814,MW20821
O1PD190270,MW23546
O1PD2074,MW1PD2074
O1PD27526,MW1GS45274
O1PD27755,MW2DB5977
O1PD27791,MW21784
O1PD34159,MW2DB16431
O1PD35543,MW00KG0551
O1PD35544,MW00KG0553
O1PD35572,MW2DB13644
O1PD36170,MW22320
O1PD36436,MW30467
O1PD36439,MW1PD36435
O1PD36463,MW1PD26799
O1PD36474,MW2DB4565
O1PD37581,MW22359
O1PD37766,MW2DB35563
O1PD38195,MW20205
O1PD40141,MW2DB54922
O1PD44715,MW1PD44712
O1PD45137,MW17789
O1PD45141,MW1PD45088
O1PD45159,MW2DB16631
O1PD5282,MW1PD5282
O1PD5283,MW1PD5283
O1PD5284,MW1PD5284
O1PD5315,MW2DB4576
O1PD53265,MW1PD53265
O1PD53309,MW1PD45495
O1PD53696,MW1PD53272
O1PD53966,MW28856
O1PD76231,MW1PD76231
O1PD76385,MW30533
O1PD76450,MW27882
O1PD76581,MW22352
O1PD76626,MW2CZ6618
O1PD76743,MW1PD76619
O1PD76760,MW1PD76618
O1PD77570,MW1PD77570
O1PD80783,MW1KG422
O1PD81200,MW1PD45496
O1PD82005,MW1PD45090
O1PD82086,MW7732
O1PD82095,MW2DB16421
O1PD82165,MW1PD82085
O1PD82388,MW1GS75024
O1PD82521,MW1PD82465
O1PD83488,MW29518
O1PD83982,MW1PD83963
O1PD84287,MW1PD83973
O1PD84288,MW1PD83975
O1PD84289,MW1PD83974
O1PD84290,MW1PD83972
O1PD84303,MW1CZ1041
O1PD84604,MW23608
O1PD86341,MW25975
O1PD86473,MW1PD86468
O1PD86477,MW1KG5737
O1PD86478,MW22389
O1PD86505,MW23213
O1PD86694,MW27524
O1PD87565,MW23711
O1PD87836,MW28996
O1PD88208,MW23712
O1PD88347,MW1PD83977
O1PD88793,MW23841
O1PD89030,MW2DB16423
O1PD89051,MW1PD89051
O1PD89084,MW1PD89084
O1PD89085,MW27297
O1PD89341,MW23842
O1PD89433,MW1CZ3868
O1PD89898,MW28732
O1PD90129,MW1PD90129
O1PD90201,MW14371
O1PD90232,MW1PD90230
O1PD90327,MW00EGS1017070
O1PD90380,MW1KG1597
O1PD90420,MW26040
O1PD90454,MW23704
O1PD90478,MW30145
O1PD90659,MW24038
O1PD90963,MW2DB25060
O1PD91160,MW29200
O1PD91443,MW23770
O1PD91643,MW00EGS1016973
O1PD91766,MW19710
O1PD91786,MW29032
O1PD9245,MW1PD94
O1PD92753,MW20866
O1PD92860,MW00KG09694
O1PD92981,MW00CHZ0103341
O1PD93018,MW20482
O1PD93041,MW12434
O1PD93134,MW00CHZ0103344
O1PD93191,MW00CHZ0103343
O1PD93244,MW00KG09753
O1PD93283,MW15274
O1PD93340,MW28979
O1PD93369,MW00CHZ0103342
O1PD93614,MW27516
O1PD93708,MW19605
O1PD93781,MW22180
O1PD93831,MW30068
O1PD93881,MW27922
O1PD93948,MW10232
O1PD94106,MW30185
O1PD94164,MW1CZ1871
O1PD94165,MW1PD83960
O1PD95156,MW26625
O1PD95368,MW1KG2778
O1PD95403,MW8027
O1PD95525,MW00KG09761
O1PD95567,MW1PD53260
O1PD95669,MW1KG852
O1PD95746,MW1PD95746
O1PD95790,MW1PD95675
O1PD95810,MW1PD95810
O1PD95844,MW1PD95844
O1PD96085,MW1PD96085
O1PD96185,MW1PD96185
O1PD96186,MW22026
O1PD96359,MW1PD96348
O1PD96398,MW13532
O1PD96438,MW1PD96438
O1PD96455,MW19567
O1PD96461,MW30086
O1PD96462,MW20138
O1PD96463,MW21623
O1PD96464,MW20571
O1PD96597,MW21619
O1PD96598,MW20432
O1PD96599,MW28933
O1PD96600,MW21847
O1PD96615,MW21933
O1PD96682,MW1PD96682
O1PD96684,MW1PD96684
O1PD96685,MW1PD96685
O1PD97012,MW1PD96997
O1PD97404,MW2DB4601
O1PD97421,MW1PD5302
O1PD97422,MW21617
O1PD97485,MW1PD97485
O1PD97499,MW1PD88780
O1PD98508,MW20030
O1PD98509,MW1KG3372
O1PD98512,MW2CZ6653
O1PD98521,MW19680
O1PD98542,MW27919
O1PD98547,MW00KG09667
O1PD99177,MW00KG05881
O1PD99199,MW20559
O1VI1,MW1PD127348
O1VI3,MW1PD127771
O20242,MW20242
O20382,MW20382
O20446,MW20446
O20578,MW20578
O20751,MW20751
O20877,MW23605
O21018,MW21018
O21023,MW21023
O21295,MW21295
O21741,MW21741
O21810,MW21810
O21824,MW21824
O21825,MW21825
O21951,MW21951
O21952,MW21952
O21974,MW21974
O22082,MW22082
O22083,MW22083
O22084,MW22084
O22103,MW22103
O22115,MW22115
O22117,MW22117
O22139,MW22139
O22141,MW22141
O22170,MW22170
O22177,MW22177
O22259,MW22259
O22275,MW22275
O22348,MW22348
O22703,MW22703
O22704,MW22704
O22933,MW22933
O23155,MW23155
O23156,MW23156
O23158,MW23158
O23163,MW23163
O23166,MW23166
O23171,MW23171
O23172,MW23172
O23173,MW23173
O23189,MW23189
O23196,MW23196
O23347,MW23347
O23370,MW23370
O23445,MW23445
O23446,MW23446
O23469,MW23469
O23506,MW23506
O23543,MW23543
O23545,MW23545
O23555,MW23555
O23557,MW23557
O23603,MW23603
O23604,MW23604
O23607,MW23607
O23630,MW23630
O23637,MW23637
O23653,MW23653
O23685,MW23685
O23702,MW23702
O23703,MW23703
O23733,MW23733
O23759,MW23759
O23766,MW23766
O23769,MW23769
O23774,MW23774
O23779,MW23779
O23860,MW23860
O23864,MW23864
O23996,MW23996
O23998,MW23998
O24031,MW24031
O24051,MW24051
O24052,MW24052
O24590,MW24590
O25102,MW25102
O25247,MW25247
O25815,MW25815
O25992,MW25992
O26032,MW26032
O26071,MW26071
O26672,MW26672
O27306,MW27306
O27486,MW27486
O27489,MW27489
O27492,MW27492
O27511,MW27511
O27514,MW27514
O27736,MW27736
O27873,MW27873
O28844,MW28844
O28887,MW28887
O28897,MW28897
O28898,MW28898
O28922,MW28922
O28963,MW28963
O28971,MW28971
O28974,MW28974
O29035,MW29035
O29060,MW29060
O29101,MW29101
O29157,MW29157
O29186,MW29186
O29192,MW29192
O29227,MW29227
O29231,MW29231
O29248,MW29248
O29251,MW29251
O29468,MW29468
O29486,MW29486
O29571,MW29571
O29686,MW29686
O29702,MW29702
O2CN11,MW29549
O2CN1391,MW10319
O2CN14,MW23940
O2CN1624,MW27319
O2CN1641,MW00KG09769
O2CN1664,MW11825
O2CN1896,MW30072
O2CN2027,MW29660
O2CN2098,MW1KG4237
O2CN2210,MW29517
O2CN258,MW00EGS1017102
O2CN2673,MW1KG5666
O2CN317,MW20840
O2CN338,MW21493
O2CN3482,MW1CZ1980
O2CN3891,MW22130
O2CN5086,MW29564
O2CN5227,MW1PD45150
O2CN5334,MW28948
O2CN6094,MW19837
O2CN6700,MW00EGS1016299
O2CN7,MW2CZ7870
O2CN9183,MW16936
O2CN9315,MW12829
O2CZ10053,MW23670
O2CZ10143,MW1GS66291
O2CZ10261,MW2CZ7888
O2CZ10298,MW00KG03976
O2CZ10776,MW1PD95698
O2CZ5029,MW30098
O2CZ5408,MW23726
O2CZ6025,MW2CZ6025
O2CZ6446,MW1KG1132
O2CZ6641,MW2CZ6641
O2CZ6663,MW11128
O2CZ6782,MW1KG1321
O2CZ7209,MW635
O2CZ7509,MW676
O2CZ7571,MW384
O2CZ7841,MW2CZ7841
O2CZ7858,MW2CZ7858
O2CZ7862,MW2CZ7862
O2CZ7955,MW2CZ7955
O2CZ7959,MW2CZ7959
O2CZ7968,MW2CZ7968
O2CZ9798,MW9140
O2DB100262,MW27307
O2DB100283,MW28951
O2DB100500,MW20152
O2DB100711,MW1KG1891
O2DB101294,MW00KG03673
O2DB101327,MW19834
O2DB101622,MW30305
O2DB101658,MW2DB25429
O2DB102044,MW25113
O2DB102082,MW25250
O2DB102198,MW19998
O2DB102429,MW21634
O2DB102575,MW1CZ2413
O2DB102913,MW27311
O2DB102948,MW00KG09507
O2DB16424,MW2DB16424
O2DB16429,MW2DB16429
O2DB16630,MW2DB16630
O2DB19541,MW2DB19541
O2DB1,MW21027
O2DB2379,MW29193
O2DB25419,MW2DB25419
O2DB25420,MW2DB25420
O2DB26350,MW20823
O2DB30087,MW2DB25436
O2DB3352,MW29272
O2DB36335,MW5832
O2DB36341,MW21857
O2DB37157,MW00EGS1017401
O2DB4109,MW22203
O2DB4487,MW30303
O2DB45175,MW23921
O2DB4569,MW2DB4569
O2DB4578,MW2DB4578
O2DB4582,MW2DB4582
O2DB459,MW29009
O2DB4610,MW2DB4610
O2DB4631,MW30442
O2DB4632,MW1KG5727
O2DB4633,MW19220
O2DB4734,MW1KG3537
O2DB55235,MW23893
O2DB57601,MW21809
O2DB576,MW20479
O2DB5786,MW7972
O2DB5978,MW2DB5978
O2DB5990,MW24829
O2DB6086,MW29516
O2DB6167,MW20831
O2DB70084,MW22345
O2DB70299,MW1PD76588
O2DB72024,MW1KG1442
O2DB72083,MW1PD76620
O2DB72213,MW1KG1445
O2DB72891,MW20869
O2DB80518,MW1CZ2401
O2DB80526,MW00KG09731
O2DB80541,MW1PD83964
O2DB80610,MW19999
O2DB80815,MW22102
O2DB80995,MW20325
O2DB81338,MW1923
O2DB81369,MW20828
O2DB81694,MW23183
O2DB81879,MW17320
O2DB82362,MW00KG07606
O2DB82436,MW29059
O2DB82624,MW2DB25391
O2DB82923,MW26569
O2DB82947,MW2DB16422
O2DB83002,MW00KG08362
O2DB83469,MW30038
O2DB83490,MW1GS94774
O2DB83512,MW1PD5299
O2DB83529,MW7532
O2DB83639,MW27933
O2DB84221,MW28957
O2DB85403,MW1PD90704
O2DB86020,MW25168
O2DB86038,MW29233
O2DB86065,MW21932
O2DB86468,MW21984
O2DB86478,MW21970
O2DB86492,MW1GS66241
O2DB86493,MW29978
O2DB86629,MW26176
O2DB86697,MW26179
O2DB86733,MW26180
O2DB86805,MW29894
O2DB86846,MW29895
O2DB86854,MW29896
O2DB87003,MW29897
O2DB87019,MW29898
O2DB87034,MW29899
O2DB87042,MW29900
O2DB87052,MW29901
O2DB87071,MW29902
O2DB87080,MW29903
O2DB87241,MW29975
O2DB87272,MW29976
O2DB87285,MW29979
O2DB87299,MW29980
O2DB87317,MW29981
O2DB87340,MW29018
O2DB87353,MW30012
O2DB87390,MW30023
O2DB87410,MW30015
O2DB87419,MW30013
O2DB87471,MW30014
O2DB87479,MW30018
O2DB87492,MW30019
O2DB87572,MW30020
O2DB87611,MW30021
O2DB87635,MW30022
O2DB87656,MW29022
O2DB87715,MW30017
O2DB87899,MW30016
O2DB87945,MW28983
O2DB88019,MW25151
O2DB88320,MW2DB4594
O2DB88362,MW27305
O2DB88383,MW147
O2DB88396,MW29496
O2DB89164,MW23164
O2DB89187,MW22145
O2DB90071,MW13649
O2DB90109,MW23897
O2DB90114,MW23880
O2DB90180,MW00EGS1016236
O2DB90314,MW00EGS1016255
O2DB90380,MW00EGS1016263
O2DB90397,MW00EGS1016265
O2DB90408,MW00EGS1017059
O2DB90418,MW00EGS1017063
O2DB90507,MW00EGS1017077
O2DB94328,MW30514
O2DB94334,MW28861
O2DB94355,MW25275
O2DB94400,MW26010
O2DB94433,MW19974
O2DB94471,MW19578
O2DB94500,MW21693
O2DB94520,MW20240
O2DB94521,MW25006
O2DB94552,MW27316
O2DB94570,MW20444
O2DB94587,MW20452
O2DB94596,MW19255
O2DB94609,MW28260
O2DB94653,MW21689
O2DB94661,MW20838
O2DB94732,MW29143
O2DB94803,MW19792
O2DB94811,MW24591
O2DB94833,MW7479
O2DB94844,MW30074
O2DB95036,MW29363
O2DB95051,MW00KG03791
O2DB95078,MW30084
O2DB95085,MW21661
O2DB95318,MW25093
O2DB95330,MW20408
O2DB95342,MW25094
O2DB95395,MW22294
O2DB95407,MW23937
O2DB95433,MW29091
O2DB95446,MW665
O2DB95565,MW20406
O2DB95646,MW669
O2DB95660,MW28846
O2DB95676,MW27015
O2DB95714,MW21752
O2DB95719,MW28935
O2DB96367,MW26741
O2DB96812,MW25998
O2DB96878,MW21994
O2DB96894,MW00EGS1017117
O2DB96942,MW00EGS1017393
O2DB96961,MW00KG09670
O2DB96991,MW00KG09688
O2DB97011,MW00KG09693
O2DB98110,MW25097
O2DB98135,MW2CZ7868
O2DB98544,MW22181
O2DB98584,MW18133
O2DB98606,MW29147
O2DB98643,MW1KG513
O2DB98669,MW20839
O2DB98674,MW1KG2815
O2DB98770,MW20837
O2DB99094,MW00KG09747
O2DB99221,MW21615
O2DB99225,MW2429
O2DB99313,MW1KG1804
O2DB99341,MW1PD5300
O2DB99422,MW1PD5298
O2DB99442,MW1PD5297
O2DB99464,MW00KG09216
O2DB99559,MW20826
O2DB99576,MW20520
O2DB99664,MW29654
O2GS232,MW2CZ6595
O2GS239,MW29515
O2GS3,MW18134
O2GS420,MW1KG4876
O2GS83,MW5926
O2JT2667,MW28838
O2JT2891,MW1KG655
O2JT3215,MW18122
O2JT3216,MW21621
O2JT3228,MW20464
O2JT3229,MW21679
O2JT3468,MW21863
O2JT3575,MW3888
O2JT3863,MW29985
O2JT3895,MW25268
O2JT3897,MW1KG4532
O2JT3954,MW24697
O2JT6061,MW25186
O2JT6162,MW1KG1685
O2JT6165,MW30465
O2JT6442,MW23435
O2JT7072,MW24686
O2JT7823,MW23778
O2JT7881,MW2CZ7855
O2JT7924,MW1KG1338
O2JT8320,MW27887
O2JT8352,MW23652
O2JT8364,MW22712
O2JT8382,MW8773
O2JT8671,MW23218
O2JT8673,MW2CZ5991
O2JT8674,MW2CZ9080
O2JT8691,MW2CZ8013
O2KG1631,MW1NLM956
O2KG1650,MW1NLM968
O2KG2043,MW1NLM984
O2KG2060,MW1NLM995
O2KG2061,MW1NLM999
O2KG208199,MW1NLM219
O2KG208265,MW1NLM236
O2KG208314,MW1NLM239
O2KG210630,MW1NLM603
O2KG210649,MW1NLM605
O2KG210668,MW1NLM606
O2KG210771,MW1NLM607
O2KG210805,MW1NLM608
O2KG210902,MW1NLM609
O2KG210965,MW1NLM610
O2KG211121,MW1NLM611
O2KG2142,MW1NLM1008
O2KG2183,MW1NLM1009
O2KG220318,MW1NLM1432
O2KG220341,MW1NLM1433
O2KG221130,MW1NLM1443
O2KG221157,MW1NLM1444
O2KG221159,MW1NLM1441
O2KG221178,MW1NLM1447
O2KG221191,MW1NLM1448
O2KG221251,MW1NLM1449
O2KG221296,MW1NLM1450
O2KG221921,MW1NLM1451
O2KG221955,MW1NLM1455
O2KG221978,MW1NLM1459
O2KG221983,MW1NLM1460
O2KG222017,MW1NLM1461
O2KG222033,MW1NLM1462
O2KG222121,MW1NLM1456
O2KG2221,MW1NLM1006
O2KG228500,MW1KG1412
O2KG228743,MW3CN1923
O2KG229024,MW2KG229024
O2KG230102,MW00KG09211
O2KG230207,MW1NLM2004
O2KG232498,MW1NLM2019
O2KG238154,MW1NLM2027
O2KG238707,MW1NLM2866
O2KG2524,MW1NLM1015
O2KG2554,MW1NLM1026
O2KG2569,MW1NLM1029
O2KG2622,MW1NLM1030
O2KG2637,MW1NLM1037
O2KG2638,MW1NLM1038
O2KG2639,MW1NLM1042
O2KG2640,MW1NLM1044
O2KG2641,MW1NLM1046
O2KG2642,MW1NLM1047
O2KG2643,MW1NLM1048
O2KG2760,MW1NLM1407
O2KG2788,MW1NLM1408
O2KG2807,MW1NLM1411
O2KG2826,MW1NLM1412
O2KG2,MW1NLM6
O2KG3,MW2CZ7988
O2KG5014,MW2KG5014
O2KG5015,MW2KG5015
O2KG770,MW1NLM628
O2KG771,MW1NLM646
O2KG800,MW1NLM648
O2KG843,MW1NLM649
O2KG926,MW1NLM652
O2LS8,MW28810
O2MS1067,MW2DB4614
O2MS1102,MW2DB4615
O2MS1265,MW2DB4616
O2MS143,MW00KG07610
O2MS1850,MW23727
O2MS1948,MW2DB4620
O2MS1976,MW2DB4618
O2MS2060,MW2DB4619
O2MS2085,MW2DB4617
O2MS2258,MW2MS2257
O2MS2333,MW2MS2274
O2MS557,MW00KG07600
O2MS811,MW2MS811
O2MS813,MW2MS813
O2MS815,MW2DB4612
O2MS8655,MW23649
O2MS8939,MW23648
O2MS9223,MW24767
O2PD15538,MW2PD15535
O2PD17098,MW2PD17098
O2PD17457,MW2PD17457
O2PD17471,MW2PD17471
O2PD19399,MW2PD19399
O30101,MW30101
O30105,MW30105
O30112,MW30112
O30157,MW30157
O30287,MW30287
O30291,MW30291
O30322,MW30322
O30388,MW30388
O30407,MW30407
O30428,MW30428
O30446,MW30446
O30532,MW30532
O3916,MW3916
O3CN11685,MW3CN11633
O3CN12076,MW3CN12069
O3CN12133,MW3CN12075
O3CN12231,MW3CN12210
O3CN12565,MW3CN12559
O3CN12638,MW3CN8279
O3CN12759,MW3CN12752
O3CN12812,MW3CN8329
O3CN12932,MW3CN12887
O3CN13023,MW3CN13006
O3CN1302,MW3CN1302
O3CN13792,MW3CN57
O3CN14039,MW3CN54
O3CN14170,MW3CN56
O3CN14390,MW3CN2409
O3CN1483,MW3CN1359
O3CN15192,MW3CN3013
O3CN15243,MW3CN3014
O3CN15309,MW3CN15308
O3CN15348,MW3CN15301
O3CN15378,MW3CN15305
O3CN15385,MW3CN15332
O3CN15398,MW3CN15335
O3CN15493,MW3CN53
O3CN15996,MW3CN2232
O3CN1735,MW3CN766
O3CN17778,MW3PD446
O3CN18095,MW3CN2482
O3CN18692,MW3CN3180
O3CN18710,MW3CN3408
O3CN19834,MW1KG4313
O3CN2042,MW3CN2037
O3CN20612,MW3CN20612
O3CN20768,MW3CN8399
O3CN21995,MW3CN21935
O3CN22692,MW3CN22686
O3CN22803,MW3CN22702
O3CN22879,MW3CN22843
O3CN23001,MW22380
O3CN25929,MW3CN622
O3CN26173,MW3CN477
O3CN26709,MW3CN17918
O3CN27011,MW3CN27011
O3CN27012,MW3CN27012
O3CN27014,MW3CN27014
O3CN27902,MW3CN18490
O3CN8814,MW4PD1207
O3CZ1408,MW21554
O3CZ555,MW23891
O3JM174,MW9201
O3JM280,MW22096
O3JT1012,MW1KG5787
O3JT10246,MW21888
O3JT10893,MW30456
O3JT11162,MW10347
O3JT13283,MW22004
O3JT1328,MW29205
O3JT1352,MW22148
O3JT1404,MW00KG08457
O3JT1542,MW8683
O3JT1545,MW30066
O3JT1572,MW1KG4475
O3JT1574,MW20077
O3JT1593,MW19804
O3JT1619,MW1KG483
O3JT1678,MW22281
O3JT1726,MW25254
O3JT1746,MW20557
O3JT1919,MW00KG08448
O3JT201,MW00EGS1016994
O3JT2087,MW00EGS1017040
O3JT2088,MW1CZ2273
O3JT2174,MW20224
O3JT2175,MW20031
O3JT2190,MW20087
O3JT2207,MW23564
O3JT2244,MW29644
O3JT2269,MW1KG4232
O3JT2324,MW23633
O3JT2340,MW30516
O3JT2386,MW1KG5344
O3JT2581,MW1KG3386
O3JT2710,MW25185
O3JT2776,MW1KG486
O3JT2951,MW1KG5420
O3JT2983,MW20023
O3JT2984,MW1KG1789
O3JT3080,MW19354
O3JT3121,MW00KG08
O3JT325,MW14023
O3JT326,MW1KG4247
O3JT3512,MW29513
O3JT3945,MW23828
O3JT4940,MW00EGS1017082
O3JT5188,MW1PD89990
O3JT5542,MW1KG4884
O3JT6357,MW1PD108254
O3JT7592,MW23627
O3JT8721,MW23907
O3JW22287,MW16097
O3JW2996,MW1GS152242
O3LS10543,MW1CZ2408
O3LS10660,MW00KG09673
O3LS10700,MW1GS61414
O3LS10723,MW30306
O3LS10737,MW25991
O3LS10762,MW17635
O3LS11022,MW1KG4251
O3LS11273,MW00KG0622
O3LS11497,MW28813
O3LS11980,MW19306
O3LS12468,MW24027
O3LS12537,MW8039
O3LS13785,MW9848
O3LS14663,MW2CZ7990
O3LS3736,MW21957
O3LS5428,MW2DB4570
O3LS5990,MW30279
O3LS6994,MW1PD1725
O3LS7143,MW10200
O3LS7246,MW30083
O3LS7594,MW28860
O3LS7642,MW30307
O3LS7658,MW21999
O3LS7904,MW00KG09
O3LS7937,MW27016
O3LS8027,MW30304
O3LS8560,MW00EGS1016928
O3LS9266,MW1GS66294
O3LS9297,MW19986
O3LS9466,MW27308
O3LS9477,MW2DB4595
O3LS9561,MW21914
O3LS9591,MW30060
O3LS9604,MW29631
O3PD1100,MW3PD1100
O3PD287,MW3PD287
O3PD988,MW3PD988
O4328,MW15098
O4CN10116,MW3CN22294
O4CN10133,MW3CN22341
O4CN10186,MW3CN22337
O4CN10601,MW4PD3075
O4CN11330,MW3CN21412
O4CZ1019,MW4CZ1019
O4CZ1064,MW10979
O4CZ1100,MW4CZ1100
O4CZ1101,MW4CZ1101
O4CZ1102,MW4CZ1102
O4CZ1103,MW4CZ1103
O4CZ1208,MW1CZ1151
O4CZ131,MW23782
O4CZ1490,MW23743
O4CZ1498,MW1KG1645
O4CZ15310,MW11902
O4CZ15391,MW4CZ15391
O4CZ155,MW23436
O4CZ156,MW27300
O4CZ1659,MW2DB4603
O4CZ1690,MW2DB4604
O4CZ16925,MW22106
O4CZ1699,MW2DB4605
O4CZ1721,MW4CZ1721
O4CZ1723,MW2DB4606
O4CZ1736,MW2DB4607
O4CZ17517,MW294
O4CZ17896,MW1KG825
O4CZ18222,MW22274
O4CZ18573,MW20510
O4CZ1902,MW2DB4608
O4CZ19156,MW22109
O4CZ2046,MW2DB4609
O4CZ20482,MW00EGS1016899
O4CZ2054,MW12034
O4CZ21146,MW1KG8897
O4CZ21508,MW22111
O4CZ21704,MW29195
O4CZ2193,MW4CZ2193
O4CZ22140,MW1KG10193
O4CZ2258,MW27523
O4CZ2264,MW27870
O4CZ23001,MW759
O4CZ23159,MW22110
O4CZ2318,MW23775
O4CZ23262,MW5062
O4CZ24062,MW1KG10787
O4CZ24535,MW1KG9029
O4CZ24558,MW1CZ1300
O4CZ25125,MW6493
O4CZ2522,MW00JW501203
O4CZ25750,MW1KG10853
O4CZ26104,MW1KG9409
O4CZ26478,MW22186
O4CZ2711,MW29199
O4CZ27190,MW2DB4591
O4CZ28036,MW1KG9560
O4CZ294461,MW3PD982
O4CZ298733,MW4PD975
O4CZ300336,MW1KG1286
O4CZ30089,MW1KG9408
O4CZ301467,MW3PD906
O4CZ301641,MW3PD981
O4CZ301929,MW4CZ301923
O4CZ302059,MW4CZ301924
O4CZ302090,MW2PD17503
O4CZ302509,MW3MS261
O4CZ302727,MW4CZ302655
O4CZ30835,MW4CZ30835
O4CZ308415,MW4CZ307771
O4CZ308781,MW3MS214
O4CZ315399,MW4CZ34262
O4CZ31982,MW22273
O4CZ321229,MW4CZ321165
O4CZ322151,MW3MS155
O4CZ324007,MW4CZ321174
O4CZ327291,MW2PD17532
O4CZ327381,MW3CN7719
O4CZ327610,MW1NLM26
O4CZ327624,MW1NLM27
O4CZ327634,MW1NLM28
O4CZ327660,MW1NLM29
O4CZ327677,MW1NLM30
O4CZ327710,MW1NLM33
O4CZ327721,MW1NLM34
O4CZ327735,MW1NLM35
O4CZ327754,MW1NLM36
O4CZ327768,MW1NLM37
O4CZ327808,MW1NLM38
O4CZ327835,MW1NLM39
O4CZ327959,MW1NLM40
O4CZ327980,MW1NLM41
O4CZ327996,MW1NLM43
O4CZ328017,MW1NLM44
O4CZ328044,MW1NLM45
O4CZ328055,MW1NLM46
O4CZ328081,MW1NLM47
O4CZ328097,MW1NLM48
O4CZ328148,MW1NLM50
O4CZ328169,MW1NLM51
O4CZ328196,MW1NLM52
O4CZ328244,MW1NLM53
O4CZ328260,MW1NLM54
O4CZ328296,MW1NLM55
O4CZ328317,MW1NLM56
O4CZ328348,MW1NLM57
O4CZ328374,MW1NLM58
O4CZ328385,MW1NLM60
O4CZ328414,MW1NLM61
O4CZ32864,MW1KG13759
O4CZ329066,MW2PD17514
O4CZ331255,MW1NLM181
O4CZ331282,MW1NLM182
O4CZ331307,MW1NLM183
O4CZ331328,MW1NLM184
O4CZ331344,MW1NLM186
O4CZ331369,MW1NLM187
O4CZ331390,MW1NLM189
O4CZ331396,MW1NLM190
O4CZ331512,MW1NLM191
O4CZ331543,MW1NLM193
O4CZ331569,MW1NLM194
O4CZ331705,MW1NLM195
O4CZ331726,MW1NLM199
O4CZ331752,MW1NLM200
O4CZ331793,MW1NLM201
O4CZ331814,MW1NLM202
O4CZ332026,MW1NLM205
O4CZ332047,MW1NLM206
O4CZ332068,MW1NLM207
O4CZ332092,MW1NLM208
O4CZ332103,MW1NLM209
O4CZ332164,MW1NLM210
O4CZ332205,MW1NLM211
O4CZ332221,MW1NLM212
O4CZ332382,MW4CZ332265
O4CZ332385,MW4CZ332267
O4CZ332388,MW4CZ332266
O4CZ332406,MW4CZ332268
O4CZ332412,MW4CZ332270
O4CZ332427,MW4CZ332271
O4CZ332441,MW4CZ332272
O4CZ332490,MW4CZ332273
O4CZ332553,MW4CZ332274
O4CZ332557,MW4CZ332276
O4CZ332571,MW4CZ332277
O4CZ332577,MW4CZ332278
O4CZ332606,MW4CZ332279
O4CZ332658,MW4CZ332376
O4CZ332736,MW4CZ332377
O4CZ332816,MW4CZ332378
O4CZ332878,MW4CZ332275
O4CZ333128,MW1NLM31
O4CZ333722,MW4CZ58529
O4CZ33486,MW22185
O4CZ337395,MW1KG14
O4CZ34261,MW4CZ34261
O4CZ347080,MW8LS32723
O4CZ355534,MW1NLM333
O4CZ355711,MW1NLM823
O4CZ355720,MW1NLM825
O4CZ356017,MW4CZ355757
O4CZ356025,MW4CZ355758
O4CZ356036,MW4CZ355759
O4CZ356050,MW4CZ355760
O4CZ356063,MW4CZ355770
O4CZ356082,MW4CZ355852
O4CZ356141,MW4CZ355860
O4CZ356167,MW1NLM873
O4CZ356178,MW1NLM874
O4CZ356188,MW1NLM875
O4CZ356194,MW1NLM878
O4CZ356215,MW1NLM879
O4CZ356229,MW1NLM880
O4CZ356239,MW1NLM894
O4CZ356247,MW1NLM907
O4CZ356253,MW1NLM908
O4CZ356266,MW1NLM911
O4CZ356277,MW1NLM921
O4CZ356307,MW1NLM925
O4CZ356308,MW1NLM933
O4CZ356331,MW1NLM936
O4CZ356342,MW1NLM941
O4CZ356349,MW1NLM946
O4CZ356357,MW1NLM1232
O4CZ356378,MW1NLM1233
O4CZ356404,MW1NLM1235
O4CZ356417,MW1NLM1236
O4CZ356449,MW1NLM1243
O4CZ356458,MW1NLM1246
O4CZ356485,MW1NLM1255
O4CZ356497,MW1NLM1256
O4CZ356510,MW1NLM1268
O4CZ356520,MW1NLM1270
O4CZ356529,MW1NLM1276
O4CZ356538,MW1NLM1279
O4CZ356546,MW1NLM1280
O4CZ356555,MW1NLM1281
O4CZ356569,MW1NLM1287
O4CZ356581,MW1NLM1295
O4CZ356602,MW1NLM1299
O4CZ356626,MW1NLM1300
O4CZ356652,MW1NLM1305
O4CZ356666,MW1NLM1307
O4CZ356673,MW1NLM1308
O4CZ356688,MW1NLM1311
O4CZ356725,MW1NLM1315
O4CZ356744,MW1NLM1320
O4CZ356821,MW1NLM1324
O4CZ356827,MW1NLM1325
O4CZ356865,MW1NLM1331
O4CZ356881,MW1NLM1335
O4CZ356904,MW1NLM1336
O4CZ356930,MW1NLM1339
O4CZ356966,MW1NLM1342
O4CZ356976,MW1NLM1353
O4CZ356985,MW1NLM1361
O4CZ356996,MW1NLM1375
O4CZ357011,MW1NLM1371
O4CZ357022,MW1NLM1393
O4CZ357038,MW1NLM1394
O4CZ357049,MW1NLM1395
O4CZ357060,MW1NLM1399
O4CZ357380,MW1NLM1401
O4CZ358006,MW1NLM1569
O4CZ358055,MW1NLM1570
O4CZ358106,MW1NLM1572
O4CZ358127,MW1NLM1573
O4CZ358143,MW1NLM1574
O4CZ358334,MW1NLM1575
O4CZ358380,MW1NLM1576
O4CZ358597,MW1NLM1577
O4CZ358628,MW1NLM1582
O4CZ358696,MW1NLM1585
O4CZ358825,MW1NLM1586
O4CZ358846,MW1NLM1587
O4CZ358857,MW1NLM1588
O4CZ358883,MW1NLM1589
O4CZ358902,MW1NLM1590
O4CZ358916,MW3PD1288
O4CZ359298,MW1NLM1591
O4CZ359317,MW1NLM1593
O4CZ359338,MW1NLM1594
O4CZ359355,MW1NLM1595
O4CZ359812,MW1NLM1596
O4CZ359821,MW1NLM1599
O4CZ359822,MW1NLM1592
O4CZ361094,MW1NLM1602
O4CZ361102,MW1NLM1603
O4CZ361118,MW1NLM1604
O4CZ361124,MW1NLM1606
O4CZ361140,MW1NLM1608
O4CZ361151,MW1NLM1609
O4CZ361393,MW4CZ302231
O4CZ361395,MW1NLM1612
O4CZ361404,MW1NLM1614
O4CZ361420,MW1NLM1615
O4CZ361439,MW1NLM1624
O4CZ361465,MW1NLM1625
O4CZ361495,MW1NLM1626
O4CZ361521,MW1NLM1641
O4CZ361529,MW1NLM1658
O4CZ361548,MW1NLM1660
O4CZ361691,MW1NLM1662
O4CZ361707,MW1NLM1663
O4CZ361715,MW1NLM1672
O4CZ361916,MW1NLM1826
O4CZ364046,MW1NLM1862
O4CZ364054,MW1NLM1871
O4CZ364063,MW1NLM1908
O4CZ364218,MW1NLM1925
O4CZ364248,MW1NLM1938
O4CZ364448,MW1NLM1943
O4CZ364467,MW1NLM1970
O4CZ364531,MW2PD19644
O4CZ364613,MW1NLM2346
O4CZ364674,MW1AC309
O4CZ364751,MW1NLM2356
O4CZ364775,MW1NLM2358
O4CZ365470,MW1AC374
O4CZ365653,MW1NLM2377
O4CZ365669,MW1NLM2378
O4CZ365678,MW1NLM2395
O4CZ366066,MW1NLM2427
O4CZ366162,MW3PD247
O4CZ366217,MW1KG16666
O4CZ366358,MW3CN21836
O4CZ368143,MW1NLM2445
O4CZ368175,MW1NLM2446
O4CZ368196,MW1NLM2449
O4CZ368205,MW1NLM2451
O4CZ368229,MW1NLM2473
O4CZ368270,MW1NLM2490
O4CZ368280,MW1NLM2492
O4CZ368350,MW1NLM2509
O4CZ368361,MW1NLM2737
O4CZ368386,MW1NLM2678
O4CZ368387,MW1NLM2578
O4CZ368403,MW1NLM2709
O4CZ368418,MW1NLM3370
O4CZ368432,MW1NLM3350
O4CZ368447,MW1NLM3306
O4CZ368584,MW1NLM2752
O4CZ368735,MW1NLM2613
O4CZ369068,MW1NLM2694
O4CZ369077,MW1NLM2695
O4CZ369098,MW1NLM2700
O4CZ369108,MW1NLM2736
O4CZ369114,MW1NLM2742
O4CZ369151,MW1NLM2745
O4CZ369158,MW1NLM2764
O4CZ369231,MW1NLM3252
O4CZ369232,MW1NLM3277
O4CZ369347,MW4CZ369346
O4CZ37074,MW1KG9800
O4CZ370835,MW1NLM3286
O4CZ370872,MW1NLM3287
O4CZ370892,MW1NLM3290
O4CZ370901,MW1NLM3293
O4CZ370912,MW1NLM3297
O4CZ370931,MW1NLM3310
O4CZ370957,MW1NLM3322
O4CZ370976,MW1NLM3324
O4CZ370992,MW1NLM3337
O4CZ371000,MW1NLM3357
O4CZ371015,MW1NLM3372
O4CZ371030,MW1NLM3376
O4CZ371047,MW1NLM3377
O4CZ371054,MW1NLM3404
O4CZ371067,MW1NLM3418
O4CZ371082,MW1NLM3598
O4CZ371133,MW1NLM3627
O4CZ371164,MW1NLM3630
O4CZ371219,MW1NLM3634
O4CZ371266,MW1NLM3677
O4CZ371298,MW1NLM3688
O4CZ371314,MW1NLM3699
O4CZ371354,MW3CN2459
O4CZ371835,MW1NLM3722
O4CZ40799,MW21506
O4CZ45313,MW4CZ45313
O4CZ47562,MW1CZ1084
O4CZ5369,MW4CZ5369
O4CZ6723,MW5488
O4CZ7445,MW4CZ7445
O4CZ79,MW23699
O4JW95,MW23566
O4LS1017,MW29041
O4LS1085,MW1KG1892
O4LS1180,MW1KG6013
O4LS1291,MW21499
O4LS1396,MW19657
O4LS1442,MW28792
O4LS1448,MW1KG5900
O4LS984,MW25139
O4LS995,MW20453
O4LS996,MW28840
O4PD3142,MW4PD3142
O5LS158,MW30129
O5LS163,MW2CZ8087
O5LS1,MW1KG5905
O5LS225,MW21783
O5LS25,MW20827
O6457,MW6457
O6475,MW6475
O7494,MW7494
O7LS1,MW19965
O861,MW861
O8751,MW8751
O8LS1196,MW1KG1680
O8LS1298,MW1KG4871
O8LS132,MW00KG03608
O8LS1430,MW1KG1880
O8LS144,MW22022
O8LS1837,MW4CZ1042
O8LS21198,MW4PD971
O8LS24320,MW3PD888
O8LS24970,MW4PD974
O8LS26362,MW2PD17515
O8LS26996,MW3PD890
O8LS27417,MW3PD894
O8LS27833,MW3PD983
O8LS27884,MW3PD885
O8LS28119,MW4PD973
O8LS30050,MW2PD17386
O8LS302,MW29562
O8LS30635,MW8LS30616
O8LS32,MW21145
O8LS33444,MW3MS1149
O8LS34555,MW3PD445
O8LS34588,MW3PD887
O8LS3516,MW1PD96945
O8LS354,MW1KG4257
O8LS35930,MW3PD984
O8LS35952,MW3MS109
O8LS35973,MW1KG17605
O8LS37377,MW2PD17476
O8LS39601,MW3PD889
O8LS42697,MW3CN15340
O8LS42714,MW8LS16860
O8LS42778,MW8LS17466
O8LS42852,MW1KG22086
O8LS42925,MW3MS878
O8LS43440,MW2PD19899
O8LS465,MW24011
O8LS4784,MW00EGS1017151
O8LS481,MW21523
O8LS529,MW1KG818
O8LS546,MW1KG879
O8LS54,MW22140
O8LS5537,MW2DB4568
O8LS5608,MW2DB4571
O8LS5994,MW2DB4567
O8LS6083,MW1PD107937
O8LS68484,MW3PD236
O8LS694,MW1GS75055
O8LS70454,MW2PD20323
O8LS73008,MW4PD3076
O8LS74335,MW1PD159542
O8LS74881,MW3CN3418
O8LS771,MW1PD53276
O8LS847,MW21509
O9683,MW9683
